{
  "human_time": {
    "mean": 99.37408165467626,
    "std": 54.402296224623434,
    "median": 87.9565,
    "n_observations": 2780,
    "n_workers": 86
  },
  "llm_times": {
    "0": {
      "mean": 17.827282067518848,
      "std": 2.5961147602456216,
      "median": 17.730645,
      "n_observations": 3051
    },
    "1": {
      "mean": 16.2683124991806,
      "std": 2.5829342980834498,
      "median": 15.942631,
      "n_observations": 3051
    },
    "4": {
      "mean": 11.485504172730252,
      "std": 1.485095153998401,
      "median": 11.279579,
      "n_observations": 3051
    },
    "8": {
      "mean": 12.114558668196722,
      "std": 1.6675165058691166,
      "median": 11.781903,
      "n_observations": 3050
    },
    "16": {
      "mean": 11.634879445901639,
      "std": 2.203567086444594,
      "median": 11.088484000000001,
      "n_observations": 3050
    }
  },
  "statistical_tests": {
    "human_vs_k0": {
      "t_statistic": 82.67882037240504,
      "p_value": 0.0,
      "cohens_d": 2.1174382248668833,
      "significant": 