{
  "I-Involvement": {
    "slope": 0.2991777396863038,
    "intercept": 2.4995424727094635,
    "r2": 0.08070399902629444
  },
  "You-Involvement": {
    "slope": 0.20155335038819805,
    "intercept": 2.5880803791871134,
    "r2": 0.044522929824576396
  },
  "We-Involvement": {
    "slope": 0.34261424863530043,
    "intercept": 2.747158305139502,
    "r2": 0.1504000437457974
  }
}