{
  "model_params": {
    "k_shots": 4,
    "temperature": 0.1,
    "use_dimension_specific": true,
    "gpu_id": "1"
  },
  "metrics": {
    "I-Involvement": {
      "mae": 1.846774193548387,
      "rmse": 2.378781652556122,
      "pearson_r": 0.23994774449527148,
      "spearman_r": 0.2298458226040113,
      "exact_match": 0.2110215053763441,
      "within_1_acc": 0.4798387096774194
    },
    "You-Involvement": {
      "mae": 1.8669354838709677,
      "rmse": 2.480298715967516,
      "pearson_r": 0.25696237887100787,
      "spearman_r": 0.25714680819591096,
      "exact_match": 0.25806451612903225,
      "within_1_acc": 0.4852150537634409
    },
    "We-Involvement": {
      "mae": 1.7943548387096775,
      "rmse": 2.3328532532234574,
      "pearson_r": 0.3379223762792592,
      "spearman_r": 0.3276613471267764,
      "exact_match": 0.20698924731182797,
      "within_1_acc": 0.5026881720430108
    }
  },
  "summary": {
    "avg_mae": 1.836021505376344,
    "avg_pearson": 0.2782774998818462,
    "avg_within_1": 0.489247311827957
  },
  "num_samples": 248,
  "use_train_val_split": true,
  "timestamp": "2025-12-23T16:03:23.116243"
}