k,n_tweets,I-Involvement_pearson,I-Involvement_spearman,I-Involvement_mae,I-Involvement_rmse,I-Involvement_agreement_1,I-Involvement_kappa,I-Involvement_bias,You-Involvement_pearson,You-Involvement_spearman,You-Involvement_mae,You-Involvement_rmse,You-Involvement_agreement_1,You-Involvement_kappa,You-Involvement_bias,We-Involvement_pearson,We-Involvement_spearman,We-Involvement_mae,We-Involvement_rmse,We-Involvement_agreement_1,We-Involvement_kappa,We-Involvement_bias
1,10,0.9483084360402924,0.9213475295997329,0.6333333333333335,0.7226494462892934,1.0,0.5180722891566265,-0.36666666666666686,0.5934429726919357,0.6492338425343394,1.2,1.5129074290546958,0.6,0.3939393939393939,0.6666666666666666,0.8675327729716047,0.7661574729433673,0.49999999999999983,0.7226494462892933,0.9,0.7058823529411764,-0.36666666666666664
4,10,0.7199294000485753,0.7492929846426001,1.0333333333333334,1.3540064007726602,0.7,0.2934782608695652,0.09999999999999978,0.46983570948558157,0.5112470985046507,1.5666666666666667,1.7288403306519922,0.3,0.19191919191919204,0.8333333333333333,0.8379626849404794,0.8000037870091384,0.4666666666666667,0.5163977794943223,1.0,0.5,-0.06666666666666665
